"dosya","kullanim","hedef","guven","not"
"IMG-20260909-WA0122.jpg","urun","Midye Dolma","kesin",""
"IMG-20260909-WA0135.jpg","urun","Zeytinyağlı Yaprak Sarma","kesin",""
"IMG-20260909-WA0098.jpg","urun","Paçanga Böreği","kesin",""
"IMG-20260909-WA0099.jpg","urun","Paçanga Böreği","kesin","ikinci kare"
"IMG-20260909-WA0096.jpg","urun","Mücver","yüksek",""
"IMG-20260909-WA0130.jpg","urun","Mücver","yüksek","yoğurtlu sunum"
"IMG-20260909-WA0133.jpg","urun","Mücver","yüksek","yoğurtlu sunum"
"IMG-20260909-WA0120.jpg","urun","İçli Köfte","orta","kızarmış köfte"
"IMG-20260909-WA0088.jpg","urun","Mücver","düşük","turuncu kroket, kontrol et"
"IMG-20260909-WA0123.jpg","urun","Acılı Ezme","orta","muhammara da olabilir"
"IMG-20260909-WA0079.jpg","urun","Haydari","orta","patlıcan salata da olabilir"
"IMG-20260909-WA0103.jpg","urun","Çerkez Tavuğu","orta",""
"IMG-20260909-WA0109.jpg","urun","Çerkez Tavuğu","orta","krakerli sunum"
"IMG-20260909-WA0085.jpg","urun","İtalyan Salata","orta",""
"IMG-20260909-WA0086.jpg","urun","Amerikan Salatası","orta",""
"IMG-20260909-WA0092.jpg","urun","Amerikan Salatası","düşük","salam rulolu"
"IMG-20260909-WA0102.jpg","urun","Nar Salatası","orta",""
"IMG-20260909-WA0090.jpg","tabak","Peynir Tabağı","kesin",""
"IMG-20260909-WA0091.jpg","tabak","Peynir Tabağı","kesin",""
"IMG-20260909-WA0097.jpg","tabak","Peynir Tabağı","kesin",""
"IMG-20260909-WA0104.jpg","tabak","Peynir Tabağı","kesin",""
"IMG-20260909-WA0115.jpg","tabak","Peynir Tabağı","kesin",""
"IMG-20260909-WA0121.jpg","tabak","Peynir Tabağı","kesin",""
"IMG-20260909-WA0124.jpg","tabak","Peynir Tabağı","kesin",""
"IMG-20260909-WA0127.jpg","tabak","Peynir Tabağı","kesin",""
"IMG-20260909-WA0128.jpg","tabak","Peynir Tabağı","kesin",""
"IMG-20260909-WA0129.jpg","tabak","Peynir Tabağı","kesin",""
"IMG-20260909-WA0136.jpg","tabak","Peynir Tabağı","kesin",""
"IMG-20260909-WA0138.jpg","tabak","Peynir Tabağı","kesin",""
"IMG-20260909-WA0094.jpg","tabak","Şarküteri Tabağı","kesin",""
"IMG-20260909-WA0112.jpg","tabak","Şarküteri Tabağı","kesin",""
"IMG-20260909-WA0126.jpg","tabak","Şarküteri Tabağı","kesin",""
"IMG-20260909-WA0131.jpg","tabak","Şarküteri Tabağı","kesin",""
"IMG-20260909-WA0142.jpg","tabak","Şarküteri Tabağı","kesin",""
"IMG-20260909-WA0143.jpg","tabak","Şarküteri Tabağı","kesin",""
"IMG-20260909-WA0118.jpg","tabak","Karışık Tabak","kesin","peynir + şarküteri"
"IMG-20260909-WA0119.jpg","tabak","Karışık Tabak","kesin","peynir + şarküteri"
"IMG-20260909-WA0137.jpg","tabak","Karışık Tabak","kesin","peynir + şarküteri"
"IMG-20260909-WA0139.jpg","tabak","Karışık Tabak","kesin","peynir + şarküteri"
"IMG-20260909-WA0141.jpg","tabak","Karışık Tabak","kesin","peynir + şarküteri"
"IMG-20260909-WA0144.jpg","tabak","Karışık Tabak","kesin","peynir + şarküteri"
"IMG-20260909-WA0145.jpg","tabak","Karışık Tabak","kesin","peynir + şarküteri"
"IMG-20260909-WA0146.jpg","tabak","Karışık Tabak","kesin","peynir + şarküteri"
"IMG-20260909-WA0147.jpg","tabak","Karışık Tabak","kesin","peynir + şarküteri"
"IMG-20260909-WA0093.jpg","tabak","Meze Tabağı","kesin",""
"IMG-20260909-WA0111.jpg","tabak","Meze Tabağı","kesin",""
"IMG-20260909-WA0113.jpg","tabak","Meze Tabağı","kesin",""
"IMG-20260909-WA0117.jpg","tabak","Meze Tabağı","kesin",""
"IMG-20260909-WA0125.jpg","tabak","Meze Tabağı","kesin",""
"IMG-20260909-WA0132.jpg","tabak","Meze Tabağı","kesin",""
"IMG-20260909-WA0134.jpg","tabak","Meze Tabağı","kesin",""
"IMG-20260909-WA0140.jpg","tabak","Meze Tabağı","kesin",""
"IMG-20260909-WA0148.jpg","tabak","Meze Tabağı","kesin",""
"IMG-20260909-WA0095.jpg","sandvic","Dükkanda Yiyin / Sandviç","kesin",""
"IMG-20260909-WA0100.jpg","sandvic","Dükkanda Yiyin / Sandviç","kesin",""
"IMG-20260909-WA0101.jpg","sandvic","Dükkanda Yiyin / Sandviç","kesin",""
"IMG-20260909-WA0105.jpg","sandvic","Dükkanda Yiyin / Sandviç","kesin",""
"IMG-20260909-WA0106.jpg","sandvic","Dükkanda Yiyin / Sandviç","kesin",""
"IMG-20260909-WA0107.jpg","sandvic","Dükkanda Yiyin / Sandviç","kesin",""
"IMG-20260909-WA0108.jpg","sandvic","Dükkanda Yiyin / Sandviç","kesin",""
"IMG-20260909-WA0110.jpg","sandvic","Dükkanda Yiyin / Sandviç","kesin",""
"IMG-20260909-WA0114.jpg","sandvic","Dükkanda Yiyin / Sandviç","kesin",""
"IMG-20260909-WA0116.jpg","sandvic","Dükkanda Yiyin / Sandviç","kesin",""
"IMG-20260909-WA0149.jpg","sandvic","Dükkanda Yiyin / Sandviç","kesin",""
