"kategori","ad","birim","fiyat","plu","marka"
"Meze","Acılı Ezme","kg","700","2111",""
"Meze","Acılı Yoğurtlu Kuru Domates Salatası","kg","800","14",""
"Meze","Amerikan Salatası","kg","750","21",""
"Meze","Arnavut Ciğeri","kg","2200","24",""
"Meze","Atom","kg","750","31",""
"Meze","Bademli Pazı Kavurma","kg","800","37",""
"Meze","Bombay Fasulye Pilaki","kg","800","45",""
"Meze","Çerkez Tavuğu","kg","1100","47",""
"Meze","Çiğ Köfte","kg","700","49",""
"Meze","Paçanga Böreği","adet","150","157",""
"Meze","Sigara Böreği","kg","750","125",""
"Meze","Elmalı Kereviz","kg","750","1990",""
"Meze","Fava","kg","800","60",""
"Meze","Fesleğenli Girit Ezme","kg","1400","63",""
"Meze","Girit Kabağı","kg","750","67",""
"Meze","Halep Köfte","kg","750","69",""
"Meze","Havuç Tarator","kg","750","72",""
"Meze","Haydari","kg","700","75",""
"Meze","Humus","kg","800","79",""
"Meze","İçli Köfte","adet","150","1991",""
"Meze","İtalyan Salata","kg","1500","83",""
"Meze","Kadınbudu Köfte","kg","1400","84",""
"Meze","Kısır","kg","700","91",""
"Meze","Köpoğlu","kg","850","96",""
"Meze","Köz Biber Turşusu","kg","900","1992",""
"Meze","Labneli Patlıcan","kg","900","111",""
"Meze","Levrek Marin","kg","1900","114",""
"Meze","Mantar Salata","kg","950","116",""
"Meze","Mercimek Köfte","kg","750","102",""
"Meze","Midye Dolma","adet","55","147",""
"Meze","Muhammara","kg","950","105",""
"Meze","Mücver","kg","750","106",""
"Meze","Mütebbel","kg","900","109",""
"Meze","Nar Salatası","kg","900","118",""
"Meze","Pancar Turşusu","kg","550","12",""
"Meze","Patates Kroket","kg","900","160",""
"Meze","Patates Salatası","kg","650","119",""
"Meze","Patlıcan Salata","kg","900","121",""
"Meze","Şakşuka (soslu Patlıcan)","kg","850","126",""
"Meze","Tarama","kg","1700","127",""
"Meze","Tuzlu Sardalya","kg","1700","1993",""
"Meze","Yoğurtlu Semizotu Salatası","kg","750","132",""
"Meze","Zeytinyağlı Biber Dolma","kg","900","41",""
"Meze","Zeytinyağlı Enginar Çanak","adet","275","178",""
"Meze","Zeytinyağlı Kereviz Çanak","kg","850","134",""
"Meze","Zeytinyağlı Lahana Sarma","kg","900","112",""
"Meze","Zeytinyağlı Taze Fasulye","kg","950","135",""
"Meze","Zeytinyağlı Yaprak Sarma","kg","900","131",""
"Meze","Zeytinyağlı Vişneli Yaprak Sarma","kg","1000","129",""
"Tatlı","Ayva Tatlısı","kg","800","26",""
"Tatlı","Kabak Tatlısı","kg","800","1",""
"Tatlı","Çıtır Kabak Tatlısı","kg","800","1997",""
"Tatlı","Güllaç","kg","850","1998",""
"Tatlı","Ekmek Kadayıfı","kg","750","18",""
"Tatlı","Vişneli Ekmek Kadayıfı","kg","800","16",""
"Tatlı","Helva Fıstıklı","kg","850","626","Helvacı Sabri"
"Tatlı","Helva Kakaolu","kg","500","577","Helvacı Sabri"
"Tatlı","Helva Sade","kg","500","1568","Helvacı Sabri"
"Peynir","Taze Kaşar","kg","700","51",""
"Peynir","Eski Kaşar Kars","kg","950","7",""
"Peynir","Eski Kaşar Trakya Kuru/lokumlu","kg","1450","9",""
"Peynir","Ezine Bergaz Koyun Peyniri Nural","kg","900","2009",""
"Peynir","Ezine İnek Peyniri Lezzine","kg","750","29",""
"Peynir","Ezine Keçi Karışık Peynir Lezzine","kg","900","33",""
"Peynir","Ezine Koyun Karışık Peynir Lezzine","kg","900","39",""
"Peynir","Ezine Yumuşak Peynir","kg","750","2010",""
"Peynir","Göbek Kaşar Kars Malakan","kg","850","54",""
"Peynir","Hellim Koop Az Tuzlu Paket","adet","235","2011",""
"Peynir","Hellim Koop Normal Paket","adet","235","2012",""
"Peynir","İsli Çerkez Peyniri Baton","kg","1100","93",""
"Peynir","İsli Füme Peynir Fümelife 100 GR","adet","250","574",""
"Peynir","İsli Saçaklı Füme Peynir Fümelife 100 GR","adet","250","1044",""
"Peynir","Kars Gravyeri Baton","kg","1450","62",""
"Peynir","Lor Tuzsuz Mihaliç","kg","500","64",""
"Peynir","Manyas Kelle Peynir","kg","850","1995",""
"Peynir","Örgü Peyniri Sade","kg","750","66",""
"Peynir","Manda Kaymağı","kg","1650","99",""
"Peynir","Sürk Peyniri","adet","180","",""
"Peynir","Lenger Kargı","adet","415","",""
"Peynir","Bolu Keşi","adet","150","",""
"Peynir","Polonezköy Van Otlu Peyniri","adet","300","",""
"Peynir","Saganaki Peyniri","kg","900","1994",""
"Peynir","Tereyağ Göden Bağırsak","kg","1100","90",""
"Peynir","Tereyağ Yayla Hatay/kars","kg","1100","94",""
"Peynir","Tipi Dil Peyniri","kg","1150","78",""
"Peynir","Tipi Taze Kaşar","kg","900","80",""
"Peynir","Tipi Tel Peyniri","kg","900","17",""
"Peynir","Tulum Bergama Şemsi Egi","kg","1100","74",""
"Peynir","Tulum Cevizli / Yaban Mersinli","kg","1300","145",""
"Peynir","Tulum Erzincan","kg","1100","73",""
"Peynir","Kars Keçi Tulumu 450 GR","adet","600","2008",""
"Peynir","Van Otlu Peyniri","kg","650","1996",""
"Peynir","Çeçil Peyniri","kg","850","2013",""
"Peynir","Sarıbaş Çörekotlu Keçi Peyniri","kg","900","2014",""
"Peynir","Akmeşe Organik Füme Peynir","adet","450","","Akmeşe Organik"
"Peynir","Akmeşe Organik Çerkez Peyniri","adet","450","","Akmeşe Organik"
"Peynir","Akmeşe Organik Yayık Tereyağ 250 GR","adet","380","","Akmeşe Organik"
"Peynir","Akmeşe Organik Taze Kaşar 400 GR","adet","395","","Akmeşe Organik"
"Zeytin","Siyah İri Duble Zeytin","kg","750","5",""
"Zeytin","Siyah Lüks Zeytin","kg","690","13",""
"Zeytin","Siyah Kuru Köy Selesi","kg","650","23",""
"Zeytin","Izgara Zeytin","kg","650","27",""
"Zeytin","Yeşil Zeytin Alyanak","kg","500","32",""
"Zeytin","Yeşil Zeytin Hatay Kırma","kg","650","36",""
"Zeytin","Yeşil Zeytin İri Domat","kg","650","40",""
"Zeytin","Yeşil Zeytin Biberli Kokteyl","kg","650","42",""
"Zeytin","Yeşil Zeytin Bademli","kg","750","2016",""
"Şarküteri","Antrikot Füme","kg","5400","35","ARDASAN"
"Şarküteri","Baton Bonfile Sucuk Polonez","kg","3100","98","İMAMOĞLU"
"Şarküteri","Cotto Dana","kg","4500","38","SUPPA"
"Şarküteri","Cotto Kuzu","kg","4900","43","SUPPA"
"Şarküteri","Dana Bacon","kg","4100","55","SUPPA"
"Şarküteri","Dil Füme","kg","4000","30","KORU ÇİFTLİĞİ"
"Şarküteri","Dilli Salam","kg","4000","50","ARDASAN"
"Şarküteri","Et Çubukları","kg","4800","95","ARDASAN"
"Şarküteri","Fıstıklı Salam","kg","2900","61","İMAMOĞLU"
"Şarküteri","Fıstıklı Kurutulmuş Balkan Salam","kg","3000","1999","ARDASAN"
"Şarküteri","Kurutulmuş Balkan Salam","kg","3000","2000","ARDASAN"
"Şarküteri","Hindi But Füme Yaylatürk","kg","2750","70","İMAMOĞLU"
"Şarküteri","Hindi But Karabiberli Yaylatürk","kg","2750","2001","İMAMOĞLU"
"Şarküteri","Hindi Göğüs Füme Yaylatürk","kg","2250","71","İMAMOĞLU"
"Şarküteri","İspanyol Salam","kg","2500","59","KORU ÇİFTLİĞİ"
"Şarküteri","İtalyan Salam","kg","3850","2002","CC GIDA"
"Şarküteri","İtalyan Salam Karabiberli","kg","4350","2003","CC GIDA"
"Şarküteri","Jambon Polonez","kg","2400","65","İMAMOĞLU"
"Şarküteri","Karabiberli Salam Polonez","kg","2500","57","İMAMOĞLU"
"Şarküteri","Kavurma","kg","3000","52","ARFA GIDA"
"Şarküteri","Kuru Et","kg","3700","8","ARDA"
"Şarküteri","Kuru Et Antrikot Boşnak","kg","4700","2004","KASABIN ELİ"
"Şarküteri","Macar Salam Fıstıklı Polonez","kg","1900","46","İMAMOĞLU"
"Şarküteri","Macar Salam Sade Polonez","kg","1900","46","İMAMOĞLU"
"Şarküteri","Mortedella","kg","3450","68","ESKİ KASAP"
"Şarküteri","Pastırma","kg","4200","44","FÜMECİ"
"Şarküteri","Çemensiz Pastırma","kg","4800","2005","FÜMECİ"
"Şarküteri","Roastbeef Karabiberli","kg","5200","25","SUPPA"
"Şarküteri","Roastbeef Sade","kg","5100","20","SUPPA"
"Şarküteri","Sosis Bratwurst + Frankfurt","kg","2800","77","FÜMECİ"
"Şarküteri","Sosis Cheddar Jalapeno","kg","2900","81","FÜMECİ"
"Şarküteri","Sosis Parmak + Hot Dog","kg","2100","76","KORU ÇİFTLİĞİ"
"Şarküteri","Sosis Boşnak","kg","2000","2006","ESKİ KASAP"
"Şarküteri","Sucuk","kg","3000","101","APİKOĞLU"
"Şarküteri","Sucuk Bez","kg","2250","2007","AŞIK BABA"
"Şarküteri","Sucuk Cumhuriyet","kg","2500","89","ERDOĞDU"
"Şarküteri","Sucuk Fermente Dana","kg","2950","115","FEYZ ÇİFTLİĞİ"
"Şarküteri","Parmak + Kangal Sucuk","kg","3000","87","EGETÜRK"
"Şarküteri","Babacan Sosis","adet","1450","136","EGETÜRK"
